Michael	fantasticlife
Dan	dasbarrett
Julie	julietouring
Anya	bitten_
Ben	benwoodhams
Raphael	raphaelleung
Chris	chrisalcockdev
Aidan	aidan_morgan
Matias	matiasgermanico
Dia	DN78
Jamie	oddtype
Colin	colinpattinson
Jianhan	jianhanzhu
Emma	_allenemma
Tracy	traceyjessup
Ganesh	gansenthi
Tony	psychemedia
Samu	langsamu
Jeanette	clementgraphics
Liz	greensideknits
Silver	silveroliver
EdWhite	ewhitur
Oli	olihawkins
Graham	grahampeek
Matt	mattrayner
Steve	steve_bromley
Caroline	carolinekippler
Phil	philbgorman
Franny	eff_shaped
Alex alexedwardh
Victor	_victorhwang
Raphael	RaphaelLeung
Gavin	GavBerman
Sara	sarafreis
Matthieu	cognithive
James	thevinternet
Alison	oliala